"","participant","sentence_type","n","correct_pct","lextale_avg","eq_score"
"1","558aab19fdf99b65685f0142","declarative-broad-focus",15,93.75,50,65
"2","558aab19fdf99b65685f0142","declarative-narrow-focus",15,93.75,50,65
"3","558aab19fdf99b65685f0142","interrogative-partial-wh",13,81.25,50,65
"4","558aab19fdf99b65685f0142","interrogative-total-yn",10,62.5,50,65
"5","55ce148b34e9060012e56279","declarative-broad-focus",16,100,45,31
"6","55ce148b34e9060012e56279","declarative-narrow-focus",14,87.5,45,31
"7","55ce148b34e9060012e56279","interrogative-partial-wh",14,87.5,45,31
"8","55ce148b34e9060012e56279","interrogative-total-yn",8,50,45,31
"9","5630246f733ea0000f1633dd","declarative-broad-focus",15,93.75,50,43
"10","5630246f733ea0000f1633dd","declarative-narrow-focus",16,100,50,43
"11","5630246f733ea0000f1633dd","interrogative-partial-wh",9,56.25,50,43
"12","5630246f733ea0000f1633dd","interrogative-total-yn",9,56.25,50,43
"13","5658000ca9872d0011e1ba26","declarative-broad-focus",16,100,49.1666666666667,52
"14","5658000ca9872d0011e1ba26","declarative-narrow-focus",16,100,49.1666666666667,52
"15","5658000ca9872d0011e1ba26","interrogative-partial-wh",10,62.5,49.1666666666667,52
"16","5658000ca9872d0011e1ba26","interrogative-total-yn",8,50,49.1666666666667,52
"17","565a4547c51d43000587507d","declarative-broad-focus",16,100,68.3333333333333,44
"18","565a4547c51d43000587507d","declarative-narrow-focus",14,87.5,68.3333333333333,44
"19","565a4547c51d43000587507d","interrogative-partial-wh",13,81.25,68.3333333333333,44
"20","565a4547c51d43000587507d","interrogative-total-yn",9,56.25,68.3333333333333,44
"21","56e6a66af6ed900006a5867c","declarative-broad-focus",13,81.25,44.1666666666667,35
"22","56e6a66af6ed900006a5867c","declarative-narrow-focus",12,75,44.1666666666667,35
"23","56e6a66af6ed900006a5867c","interrogative-partial-wh",8,50,44.1666666666667,35
"24","56e6a66af6ed900006a5867c","interrogative-total-yn",12,75,44.1666666666667,35
"25","5727aecae386b9000f4000cd","declarative-broad-focus",16,100,49.1666666666667,36
"26","5727aecae386b9000f4000cd","declarative-narrow-focus",16,100,49.1666666666667,36
"27","5727aecae386b9000f4000cd","interrogative-partial-wh",6,37.5,49.1666666666667,36
"28","5727aecae386b9000f4000cd","interrogative-total-yn",10,62.5,49.1666666666667,36
"29","57901207c9abeb0001af353e","declarative-broad-focus",13,81.25,47.5,67
"30","57901207c9abeb0001af353e","declarative-narrow-focus",14,87.5,47.5,67
"31","57901207c9abeb0001af353e","interrogative-partial-wh",7,43.75,47.5,67
"32","57901207c9abeb0001af353e","interrogative-total-yn",12,75,47.5,67
"33","5844812dc5bc3a0001a4d553","declarative-broad-focus",16,100,50.8333333333333,34
"34","5844812dc5bc3a0001a4d553","declarative-narrow-focus",16,100,50.8333333333333,34
"35","5844812dc5bc3a0001a4d553","interrogative-partial-wh",14,87.5,50.8333333333333,34
"36","5844812dc5bc3a0001a4d553","interrogative-total-yn",11,68.75,50.8333333333333,34
"37","588e3172bc9f190001487eb8","declarative-broad-focus",13,81.25,53.3333333333333,29
"38","588e3172bc9f190001487eb8","declarative-narrow-focus",11,68.75,53.3333333333333,29
"39","588e3172bc9f190001487eb8","interrogative-partial-wh",11,68.75,53.3333333333333,29
"40","588e3172bc9f190001487eb8","interrogative-total-yn",7,43.75,53.3333333333333,29
"41","58a5cf959e040a0001399f07","declarative-broad-focus",16,100,46.6666666666667,65
"42","58a5cf959e040a0001399f07","declarative-narrow-focus",16,100,46.6666666666667,65
"43","58a5cf959e040a0001399f07","interrogative-partial-wh",13,81.25,46.6666666666667,65
"44","58a5cf959e040a0001399f07","interrogative-total-yn",6,37.5,46.6666666666667,65
"45","58f0fca0d40252000192f201","declarative-broad-focus",16,100,49.1666666666667,42
"46","58f0fca0d40252000192f201","declarative-narrow-focus",15,93.75,49.1666666666667,42
"47","58f0fca0d40252000192f201","interrogative-partial-wh",7,43.75,49.1666666666667,42
"48","58f0fca0d40252000192f201","interrogative-total-yn",14,87.5,49.1666666666667,42
"49","59dba8575cddae0001ff0780","declarative-broad-focus",13,81.25,45.8333333333333,28
"50","59dba8575cddae0001ff0780","declarative-narrow-focus",14,87.5,45.8333333333333,28
"51","59dba8575cddae0001ff0780","interrogative-partial-wh",14,87.5,45.8333333333333,28
"52","59dba8575cddae0001ff0780","interrogative-total-yn",8,50,45.8333333333333,28
"53","59dc458f77860e000151240e","declarative-broad-focus",16,100,48.3333333333333,68
"54","59dc458f77860e000151240e","declarative-narrow-focus",16,100,48.3333333333333,68
"55","59dc458f77860e000151240e","interrogative-partial-wh",13,81.25,48.3333333333333,68
"56","59dc458f77860e000151240e","interrogative-total-yn",7,43.75,48.3333333333333,68
"57","59e91cebae9f950001d8466a","declarative-broad-focus",16,100,42.5,26
"58","59e91cebae9f950001d8466a","declarative-narrow-focus",16,100,42.5,26
"59","59e91cebae9f950001d8466a","interrogative-partial-wh",10,62.5,42.5,26
"60","59e91cebae9f950001d8466a","interrogative-total-yn",14,87.5,42.5,26
"61","5a0502cb517dfb00013db4a3","declarative-broad-focus",14,87.5,46.6666666666667,15
"62","5a0502cb517dfb00013db4a3","declarative-narrow-focus",15,93.75,46.6666666666667,15
"63","5a0502cb517dfb00013db4a3","interrogative-partial-wh",11,68.75,46.6666666666667,15
"64","5a0502cb517dfb00013db4a3","interrogative-total-yn",7,43.75,46.6666666666667,15
"65","5a2e19cca3a512000195866a","declarative-broad-focus",16,100,55,18
"66","5a2e19cca3a512000195866a","declarative-narrow-focus",15,93.75,55,18
"67","5a2e19cca3a512000195866a","interrogative-partial-wh",14,87.5,55,18
"68","5a2e19cca3a512000195866a","interrogative-total-yn",11,68.75,55,18
"69","5acacdcd0527ba0001c24bad","declarative-broad-focus",10,62.5,47.5,25
"70","5acacdcd0527ba0001c24bad","declarative-narrow-focus",8,50,47.5,25
"71","5acacdcd0527ba0001c24bad","interrogative-partial-wh",10,62.5,47.5,25
"72","5acacdcd0527ba0001c24bad","interrogative-total-yn",8,50,47.5,25
"73","5adfbd52f6b58c0001fa8f3c","declarative-broad-focus",14,87.5,54.1666666666667,58
"74","5adfbd52f6b58c0001fa8f3c","declarative-narrow-focus",12,75,54.1666666666667,58
"75","5adfbd52f6b58c0001fa8f3c","interrogative-partial-wh",11,68.75,54.1666666666667,58
"76","5adfbd52f6b58c0001fa8f3c","interrogative-total-yn",10,62.5,54.1666666666667,58
"77","5aea962d0ef2f20001858c9c","declarative-broad-focus",16,100,48.3333333333333,24
"78","5aea962d0ef2f20001858c9c","declarative-narrow-focus",16,100,48.3333333333333,24
"79","5aea962d0ef2f20001858c9c","interrogative-partial-wh",6,37.5,48.3333333333333,24
"80","5aea962d0ef2f20001858c9c","interrogative-total-yn",14,87.5,48.3333333333333,24
"81","5aede0b676b763000132f6a4","declarative-broad-focus",16,100,42.5,43
"82","5aede0b676b763000132f6a4","declarative-narrow-focus",15,93.75,42.5,43
"83","5aede0b676b763000132f6a4","interrogative-partial-wh",14,87.5,42.5,43
"84","5aede0b676b763000132f6a4","interrogative-total-yn",13,81.25,42.5,43
"85","5b15d20c444cef0001cb1153","declarative-broad-focus",16,100,40,46
"86","5b15d20c444cef0001cb1153","declarative-narrow-focus",16,100,40,46
"87","5b15d20c444cef0001cb1153","interrogative-partial-wh",11,68.75,40,46
"88","5b15d20c444cef0001cb1153","interrogative-total-yn",12,75,40,46
"89","5b50881a59119400018abaf3","declarative-broad-focus",16,100,54.1666666666667,69
"90","5b50881a59119400018abaf3","declarative-narrow-focus",16,100,54.1666666666667,69
"91","5b50881a59119400018abaf3","interrogative-partial-wh",14,87.5,54.1666666666667,69
"92","5b50881a59119400018abaf3","interrogative-total-yn",13,81.25,54.1666666666667,69
"93","5b5b455d8fb47700015830b7","declarative-broad-focus",16,100,51.6666666666667,60
"94","5b5b455d8fb47700015830b7","declarative-narrow-focus",16,100,51.6666666666667,60
"95","5b5b455d8fb47700015830b7","interrogative-partial-wh",11,68.75,51.6666666666667,60
"96","5b5b455d8fb47700015830b7","interrogative-total-yn",12,75,51.6666666666667,60
"97","5bb6413cb4dca50001df0096","declarative-broad-focus",16,100,55,61
"98","5bb6413cb4dca50001df0096","declarative-narrow-focus",16,100,55,61
"99","5bb6413cb4dca50001df0096","interrogative-partial-wh",13,81.25,55,61
"100","5bb6413cb4dca50001df0096","interrogative-total-yn",6,37.5,55,61
"101","5bc5356e65cfb8000154bd82","declarative-broad-focus",16,100,45,26
"102","5bc5356e65cfb8000154bd82","declarative-narrow-focus",15,93.75,45,26
"103","5bc5356e65cfb8000154bd82","interrogative-partial-wh",10,62.5,45,26
"104","5bc5356e65cfb8000154bd82","interrogative-total-yn",13,81.25,45,26
"105","5bc9f91f418bad00016c6773","declarative-broad-focus",15,93.75,50.8333333333333,47
"106","5bc9f91f418bad00016c6773","declarative-narrow-focus",15,93.75,50.8333333333333,47
"107","5bc9f91f418bad00016c6773","interrogative-partial-wh",8,50,50.8333333333333,47
"108","5bc9f91f418bad00016c6773","interrogative-total-yn",10,62.5,50.8333333333333,47
"109","5bdab584b341a4000154256b","declarative-broad-focus",15,93.75,46.6666666666667,30
"110","5bdab584b341a4000154256b","declarative-narrow-focus",15,93.75,46.6666666666667,30
"111","5bdab584b341a4000154256b","interrogative-partial-wh",4,25,46.6666666666667,30
"112","5bdab584b341a4000154256b","interrogative-total-yn",13,81.25,46.6666666666667,30
"113","5c049e9bad9a9700011b877b","declarative-broad-focus",16,100,64.1666666666667,49
"114","5c049e9bad9a9700011b877b","declarative-narrow-focus",16,100,64.1666666666667,49
"115","5c049e9bad9a9700011b877b","interrogative-partial-wh",15,93.75,64.1666666666667,49
"116","5c049e9bad9a9700011b877b","interrogative-total-yn",12,75,64.1666666666667,49
"117","5c1919fbd9241d0001363964","declarative-broad-focus",16,100,48.3333333333333,48
"118","5c1919fbd9241d0001363964","declarative-narrow-focus",14,87.5,48.3333333333333,48
"119","5c1919fbd9241d0001363964","interrogative-partial-wh",16,100,48.3333333333333,48
"120","5c1919fbd9241d0001363964","interrogative-total-yn",7,43.75,48.3333333333333,48
"121","5c1dc77ee2d9150001b5b70e","declarative-broad-focus",16,100,45.8333333333333,46
"122","5c1dc77ee2d9150001b5b70e","declarative-narrow-focus",16,100,45.8333333333333,46
"123","5c1dc77ee2d9150001b5b70e","interrogative-partial-wh",6,37.5,45.8333333333333,46
"124","5c1dc77ee2d9150001b5b70e","interrogative-total-yn",8,50,45.8333333333333,46
"125","5c59aecb6ca5e600017206de","declarative-broad-focus",15,93.75,50.8333333333333,39
"126","5c59aecb6ca5e600017206de","declarative-narrow-focus",14,87.5,50.8333333333333,39
"127","5c59aecb6ca5e600017206de","interrogative-partial-wh",13,81.25,50.8333333333333,39
"128","5c59aecb6ca5e600017206de","interrogative-total-yn",9,56.25,50.8333333333333,39
"129","5c5fc78e96dff400013607a5","declarative-broad-focus",16,100,54.1666666666667,25
"130","5c5fc78e96dff400013607a5","declarative-narrow-focus",16,100,54.1666666666667,25
"131","5c5fc78e96dff400013607a5","interrogative-partial-wh",14,87.5,54.1666666666667,25
"132","5c5fc78e96dff400013607a5","interrogative-total-yn",4,25,54.1666666666667,25
"133","5c6d460ec3aa150001145611","declarative-broad-focus",14,87.5,40,46
"134","5c6d460ec3aa150001145611","declarative-narrow-focus",14,87.5,40,46
"135","5c6d460ec3aa150001145611","interrogative-partial-wh",10,62.5,40,46
"136","5c6d460ec3aa150001145611","interrogative-total-yn",7,43.75,40,46
"137","5c70eafaf6c9fe00013eeafb","declarative-broad-focus",16,100,48.3333333333333,25
"138","5c70eafaf6c9fe00013eeafb","declarative-narrow-focus",15,93.75,48.3333333333333,25
"139","5c70eafaf6c9fe00013eeafb","interrogative-partial-wh",12,75,48.3333333333333,25
"140","5c70eafaf6c9fe00013eeafb","interrogative-total-yn",8,50,48.3333333333333,25
"141","5c742339e621f900163f4543","declarative-broad-focus",16,100,48.3333333333333,50
"142","5c742339e621f900163f4543","declarative-narrow-focus",16,100,48.3333333333333,50
"143","5c742339e621f900163f4543","interrogative-partial-wh",14,87.5,48.3333333333333,50
"144","5c742339e621f900163f4543","interrogative-total-yn",8,50,48.3333333333333,50
"145","5c75471e5eb59f000131c7a4","declarative-broad-focus",16,100,60,32
"146","5c75471e5eb59f000131c7a4","declarative-narrow-focus",16,100,60,32
"147","5c75471e5eb59f000131c7a4","interrogative-partial-wh",15,93.75,60,32
"148","5c75471e5eb59f000131c7a4","interrogative-total-yn",14,87.5,60,32
"149","5cdf215da7b516001828bdda","declarative-broad-focus",16,100,44.1666666666667,46
"150","5cdf215da7b516001828bdda","declarative-narrow-focus",16,100,44.1666666666667,46
"151","5cdf215da7b516001828bdda","interrogative-partial-wh",10,62.5,44.1666666666667,46
"152","5cdf215da7b516001828bdda","interrogative-total-yn",10,62.5,44.1666666666667,46
"153","5ced8f96a726ed0015d31452","declarative-broad-focus",14,87.5,50,37
"154","5ced8f96a726ed0015d31452","declarative-narrow-focus",13,81.25,50,37
"155","5ced8f96a726ed0015d31452","interrogative-partial-wh",14,87.5,50,37
"156","5ced8f96a726ed0015d31452","interrogative-total-yn",9,56.25,50,37
"157","5d0ac7504d57690017a355ef","declarative-broad-focus",16,100,48.3333333333333,25
"158","5d0ac7504d57690017a355ef","declarative-narrow-focus",16,100,48.3333333333333,25
"159","5d0ac7504d57690017a355ef","interrogative-partial-wh",10,62.5,48.3333333333333,25
"160","5d0ac7504d57690017a355ef","interrogative-total-yn",11,68.75,48.3333333333333,25
"161","5d0d260f7374b40019cef54a","declarative-broad-focus",14,87.5,52.5,49
"162","5d0d260f7374b40019cef54a","declarative-narrow-focus",13,81.25,52.5,49
"163","5d0d260f7374b40019cef54a","interrogative-partial-wh",11,68.75,52.5,49
"164","5d0d260f7374b40019cef54a","interrogative-total-yn",9,56.25,52.5,49
"165","5d184b040a274600013f7107","declarative-broad-focus",15,93.75,48.3333333333333,53
"166","5d184b040a274600013f7107","declarative-narrow-focus",15,93.75,48.3333333333333,53
"167","5d184b040a274600013f7107","interrogative-partial-wh",9,56.25,48.3333333333333,53
"168","5d184b040a274600013f7107","interrogative-total-yn",11,68.75,48.3333333333333,53
"169","5d22686d9b3bf900019d73c0","declarative-broad-focus",15,93.75,48.3333333333333,15
"170","5d22686d9b3bf900019d73c0","declarative-narrow-focus",14,87.5,48.3333333333333,15
"171","5d22686d9b3bf900019d73c0","interrogative-partial-wh",11,68.75,48.3333333333333,15
"172","5d22686d9b3bf900019d73c0","interrogative-total-yn",13,81.25,48.3333333333333,15
"173","5d453e8723a5bb0001492546","declarative-broad-focus",15,93.75,49.1666666666667,24
"174","5d453e8723a5bb0001492546","declarative-narrow-focus",14,87.5,49.1666666666667,24
"175","5d453e8723a5bb0001492546","interrogative-partial-wh",12,75,49.1666666666667,24
"176","5d453e8723a5bb0001492546","interrogative-total-yn",7,43.75,49.1666666666667,24
"177","5d4613a2da9cb60001aa4948","declarative-broad-focus",16,100,52.5,25
"178","5d4613a2da9cb60001aa4948","declarative-narrow-focus",16,100,52.5,25
"179","5d4613a2da9cb60001aa4948","interrogative-partial-wh",8,50,52.5,25
"180","5d4613a2da9cb60001aa4948","interrogative-total-yn",10,62.5,52.5,25
"181","5d61798f7ad20f001b74922e","declarative-broad-focus",15,93.75,48.3333333333333,30
"182","5d61798f7ad20f001b74922e","declarative-narrow-focus",15,93.75,48.3333333333333,30
"183","5d61798f7ad20f001b74922e","interrogative-partial-wh",6,37.5,48.3333333333333,30
"184","5d61798f7ad20f001b74922e","interrogative-total-yn",12,75,48.3333333333333,30
"185","5d62886927a84f00010fbbb4","declarative-broad-focus",15,93.75,40.8333333333333,16
"186","5d62886927a84f00010fbbb4","declarative-narrow-focus",16,100,40.8333333333333,16
"187","5d62886927a84f00010fbbb4","interrogative-partial-wh",12,75,40.8333333333333,16
"188","5d62886927a84f00010fbbb4","interrogative-total-yn",9,56.25,40.8333333333333,16
"189","5d8f8510f3e52d0018924390","declarative-broad-focus",16,100,49.1666666666667,33
"190","5d8f8510f3e52d0018924390","declarative-narrow-focus",14,87.5,49.1666666666667,33
"191","5d8f8510f3e52d0018924390","interrogative-partial-wh",16,100,49.1666666666667,33
"192","5d8f8510f3e52d0018924390","interrogative-total-yn",10,62.5,49.1666666666667,33
"193","5dcc5f2545b8f98fd44ab4d7","declarative-broad-focus",16,100,48.3333333333333,42
"194","5dcc5f2545b8f98fd44ab4d7","declarative-narrow-focus",14,87.5,48.3333333333333,42
"195","5dcc5f2545b8f98fd44ab4d7","interrogative-partial-wh",12,75,48.3333333333333,42
"196","5dcc5f2545b8f98fd44ab4d7","interrogative-total-yn",13,81.25,48.3333333333333,42
"197","5dd1ab5dd3ac2a21600f87b8","declarative-broad-focus",15,93.75,54.1666666666667,50
"198","5dd1ab5dd3ac2a21600f87b8","declarative-narrow-focus",15,93.75,54.1666666666667,50
"199","5dd1ab5dd3ac2a21600f87b8","interrogative-partial-wh",16,100,54.1666666666667,50
"200","5dd1ab5dd3ac2a21600f87b8","interrogative-total-yn",6,37.5,54.1666666666667,50
"201","5dd32e9deab0423455e0358f","declarative-broad-focus",16,100,53.3333333333333,13
"202","5dd32e9deab0423455e0358f","declarative-narrow-focus",16,100,53.3333333333333,13
"203","5dd32e9deab0423455e0358f","interrogative-partial-wh",10,62.5,53.3333333333333,13
"204","5dd32e9deab0423455e0358f","interrogative-total-yn",12,75,53.3333333333333,13
"205","5ddda819ca7466d2350d77c6","declarative-broad-focus",15,93.75,48.3333333333333,18
"206","5ddda819ca7466d2350d77c6","declarative-narrow-focus",15,93.75,48.3333333333333,18
"207","5ddda819ca7466d2350d77c6","interrogative-partial-wh",14,87.5,48.3333333333333,18
"208","5ddda819ca7466d2350d77c6","interrogative-total-yn",14,87.5,48.3333333333333,18
"209","5deec7e78b5f8b5683c0355a","declarative-broad-focus",16,100,40.8333333333333,49
"210","5deec7e78b5f8b5683c0355a","declarative-narrow-focus",16,100,40.8333333333333,49
"211","5deec7e78b5f8b5683c0355a","interrogative-partial-wh",15,93.75,40.8333333333333,49
"212","5deec7e78b5f8b5683c0355a","interrogative-total-yn",4,25,40.8333333333333,49
"213","5e14bd64617219ae6593485a","declarative-broad-focus",15,93.75,41.6666666666667,10
"214","5e14bd64617219ae6593485a","declarative-narrow-focus",16,100,41.6666666666667,10
"215","5e14bd64617219ae6593485a","interrogative-partial-wh",13,81.25,41.6666666666667,10
"216","5e14bd64617219ae6593485a","interrogative-total-yn",8,50,41.6666666666667,10
"217","5e1a7114a90da52e206de7ea","declarative-broad-focus",15,93.75,47.5,38
"218","5e1a7114a90da52e206de7ea","declarative-narrow-focus",15,93.75,47.5,38
"219","5e1a7114a90da52e206de7ea","interrogative-partial-wh",8,50,47.5,38
"220","5e1a7114a90da52e206de7ea","interrogative-total-yn",9,56.25,47.5,38
"221","5e2ec46a316225000cf293ce","declarative-broad-focus",16,100,50,19
"222","5e2ec46a316225000cf293ce","declarative-narrow-focus",16,100,50,19
"223","5e2ec46a316225000cf293ce","interrogative-partial-wh",12,75,50,19
"224","5e2ec46a316225000cf293ce","interrogative-total-yn",10,62.5,50,19
"225","5e2f131d0473500224f75035","declarative-broad-focus",15,93.75,49.1666666666667,40
"226","5e2f131d0473500224f75035","declarative-narrow-focus",15,93.75,49.1666666666667,40
"227","5e2f131d0473500224f75035","interrogative-partial-wh",12,75,49.1666666666667,40
"228","5e2f131d0473500224f75035","interrogative-total-yn",13,81.25,49.1666666666667,40
"229","5e307b72ef67c706b15f4453","declarative-broad-focus",14,87.5,50.8333333333333,33
"230","5e307b72ef67c706b15f4453","declarative-narrow-focus",14,87.5,50.8333333333333,33
"231","5e307b72ef67c706b15f4453","interrogative-partial-wh",5,31.25,50.8333333333333,33
"232","5e307b72ef67c706b15f4453","interrogative-total-yn",13,81.25,50.8333333333333,33
"233","5e387f2c0d70ef099d5e5a4f","declarative-broad-focus",16,100,57.5,47
"234","5e387f2c0d70ef099d5e5a4f","declarative-narrow-focus",15,93.75,57.5,47
"235","5e387f2c0d70ef099d5e5a4f","interrogative-partial-wh",13,81.25,57.5,47
"236","5e387f2c0d70ef099d5e5a4f","interrogative-total-yn",12,75,57.5,47
"237","5e3dff6b8714b707b9a258b0","declarative-broad-focus",15,93.75,43.3333333333333,31
"238","5e3dff6b8714b707b9a258b0","declarative-narrow-focus",15,93.75,43.3333333333333,31
"239","5e3dff6b8714b707b9a258b0","interrogative-partial-wh",12,75,43.3333333333333,31
"240","5e3dff6b8714b707b9a258b0","interrogative-total-yn",10,62.5,43.3333333333333,31
"241","5e5e11aed2420e129dc155ce","declarative-broad-focus",16,100,50,45
"242","5e5e11aed2420e129dc155ce","declarative-narrow-focus",16,100,50,45
"243","5e5e11aed2420e129dc155ce","interrogative-partial-wh",6,37.5,50,45
"244","5e5e11aed2420e129dc155ce","interrogative-total-yn",6,37.5,50,45
"245","5e85088b3f06400f3f75e21f","declarative-broad-focus",14,87.5,45.8333333333333,21
"246","5e85088b3f06400f3f75e21f","declarative-narrow-focus",14,87.5,45.8333333333333,21
"247","5e85088b3f06400f3f75e21f","interrogative-partial-wh",11,68.75,45.8333333333333,21
"248","5e85088b3f06400f3f75e21f","interrogative-total-yn",8,50,45.8333333333333,21
"249","5e88dc8c101fec57cb09fa3a","declarative-broad-focus",16,100,45,40
"250","5e88dc8c101fec57cb09fa3a","declarative-narrow-focus",15,93.75,45,40
"251","5e88dc8c101fec57cb09fa3a","interrogative-partial-wh",9,56.25,45,40
"252","5e88dc8c101fec57cb09fa3a","interrogative-total-yn",11,68.75,45,40
"253","5e8a5f27f35994098ee9a4aa","declarative-broad-focus",16,100,57.5,49
"254","5e8a5f27f35994098ee9a4aa","declarative-narrow-focus",16,100,57.5,49
"255","5e8a5f27f35994098ee9a4aa","interrogative-partial-wh",10,62.5,57.5,49
"256","5e8a5f27f35994098ee9a4aa","interrogative-total-yn",8,50,57.5,49
"257","5e92a1a4fc57e20f92eef47f","declarative-broad-focus",14,87.5,47.5,50
"258","5e92a1a4fc57e20f92eef47f","declarative-narrow-focus",15,93.75,47.5,50
"259","5e92a1a4fc57e20f92eef47f","interrogative-partial-wh",7,43.75,47.5,50
"260","5e92a1a4fc57e20f92eef47f","interrogative-total-yn",8,50,47.5,50
"261","5e9498c27ca863327ced415f","declarative-broad-focus",16,100,54.1666666666667,32
"262","5e9498c27ca863327ced415f","declarative-narrow-focus",16,100,54.1666666666667,32
"263","5e9498c27ca863327ced415f","interrogative-partial-wh",13,81.25,54.1666666666667,32
"264","5e9498c27ca863327ced415f","interrogative-total-yn",11,68.75,54.1666666666667,32
"265","5e960111bc10f706bfe802fe","declarative-broad-focus",16,100,53.3333333333333,46
"266","5e960111bc10f706bfe802fe","declarative-narrow-focus",16,100,53.3333333333333,46
"267","5e960111bc10f706bfe802fe","interrogative-partial-wh",10,62.5,53.3333333333333,46
"268","5e960111bc10f706bfe802fe","interrogative-total-yn",10,62.5,53.3333333333333,46
"269","5e9a84af150a8012575e4784","declarative-broad-focus",15,93.75,56.6666666666667,34
"270","5e9a84af150a8012575e4784","declarative-narrow-focus",16,100,56.6666666666667,34
"271","5e9a84af150a8012575e4784","interrogative-partial-wh",14,87.5,56.6666666666667,34
"272","5e9a84af150a8012575e4784","interrogative-total-yn",7,43.75,56.6666666666667,34
"273","5e9b443223881d04be740737","declarative-broad-focus",16,100,55,32
"274","5e9b443223881d04be740737","declarative-narrow-focus",16,100,55,32
"275","5e9b443223881d04be740737","interrogative-partial-wh",14,87.5,55,32
"276","5e9b443223881d04be740737","interrogative-total-yn",8,50,55,32
"277","5e9fcb1aa7eac5182448d5ab","declarative-broad-focus",16,100,54.1666666666667,53
"278","5e9fcb1aa7eac5182448d5ab","declarative-narrow-focus",16,100,54.1666666666667,53
"279","5e9fcb1aa7eac5182448d5ab","interrogative-partial-wh",10,62.5,54.1666666666667,53
"280","5e9fcb1aa7eac5182448d5ab","interrogative-total-yn",12,75,54.1666666666667,53
"281","5eb0bbbc0be27c183500b45d","declarative-broad-focus",15,93.75,43.3333333333333,49
"282","5eb0bbbc0be27c183500b45d","declarative-narrow-focus",14,87.5,43.3333333333333,49
"283","5eb0bbbc0be27c183500b45d","interrogative-partial-wh",5,31.25,43.3333333333333,49
"284","5eb0bbbc0be27c183500b45d","interrogative-total-yn",3,18.75,43.3333333333333,49
"285","5eb3623f751686152660a84b","declarative-broad-focus",15,93.75,66.6666666666667,39
"286","5eb3623f751686152660a84b","declarative-narrow-focus",16,100,66.6666666666667,39
"287","5eb3623f751686152660a84b","interrogative-partial-wh",14,87.5,66.6666666666667,39
"288","5eb3623f751686152660a84b","interrogative-total-yn",9,56.25,66.6666666666667,39
"289","5eb46ccc0c06142c0faae377","declarative-broad-focus",15,93.75,60.8333333333333,31
"290","5eb46ccc0c06142c0faae377","declarative-narrow-focus",13,81.25,60.8333333333333,31
"291","5eb46ccc0c06142c0faae377","interrogative-partial-wh",13,81.25,60.8333333333333,31
"292","5eb46ccc0c06142c0faae377","interrogative-total-yn",10,62.5,60.8333333333333,31
"293","5eb5c26dd25d2549d228fdf1","declarative-broad-focus",16,100,42.5,53
"294","5eb5c26dd25d2549d228fdf1","declarative-narrow-focus",16,100,42.5,53
"295","5eb5c26dd25d2549d228fdf1","interrogative-partial-wh",6,37.5,42.5,53
"296","5eb5c26dd25d2549d228fdf1","interrogative-total-yn",7,43.75,42.5,53
"297","5eb69d6f0c2db401c496390f","declarative-broad-focus",16,100,47.5,41
"298","5eb69d6f0c2db401c496390f","declarative-narrow-focus",15,93.75,47.5,41
"299","5eb69d6f0c2db401c496390f","interrogative-partial-wh",16,100,47.5,41
"300","5eb69d6f0c2db401c496390f","interrogative-total-yn",10,62.5,47.5,41
"301","5ec4465c16290213a8e30fd5","declarative-broad-focus",16,100,41.6666666666667,63
"302","5ec4465c16290213a8e30fd5","declarative-narrow-focus",16,100,41.6666666666667,63
"303","5ec4465c16290213a8e30fd5","interrogative-partial-wh",14,87.5,41.6666666666667,63
"304","5ec4465c16290213a8e30fd5","interrogative-total-yn",3,18.75,41.6666666666667,63
"305","5ec8ad205fa667395e141ce9","declarative-broad-focus",15,93.75,43.3333333333333,25
"306","5ec8ad205fa667395e141ce9","declarative-narrow-focus",16,100,43.3333333333333,25
"307","5ec8ad205fa667395e141ce9","interrogative-partial-wh",10,62.5,43.3333333333333,25
"308","5ec8ad205fa667395e141ce9","interrogative-total-yn",11,68.75,43.3333333333333,25
"309","5ed6c9613e5fc912b310c00c","declarative-broad-focus",16,100,43.3333333333333,12
"310","5ed6c9613e5fc912b310c00c","declarative-narrow-focus",15,93.75,43.3333333333333,12
"311","5ed6c9613e5fc912b310c00c","interrogative-partial-wh",7,43.75,43.3333333333333,12
"312","5ed6c9613e5fc912b310c00c","interrogative-total-yn",14,87.5,43.3333333333333,12
"313","5ed92a47585c150e2dc44740","declarative-broad-focus",14,87.5,45,34
"314","5ed92a47585c150e2dc44740","declarative-narrow-focus",16,100,45,34
"315","5ed92a47585c150e2dc44740","interrogative-partial-wh",15,93.75,45,34
"316","5ed92a47585c150e2dc44740","interrogative-total-yn",2,12.5,45,34
"317","5eda86226763346ac679ca5f","declarative-broad-focus",15,93.75,40.8333333333333,34
"318","5eda86226763346ac679ca5f","declarative-narrow-focus",14,87.5,40.8333333333333,34
"319","5eda86226763346ac679ca5f","interrogative-partial-wh",12,75,40.8333333333333,34
"320","5eda86226763346ac679ca5f","interrogative-total-yn",10,62.5,40.8333333333333,34
"321","5edfb0770fb0722aa3839b6d","declarative-broad-focus",12,75,54.1666666666667,33
"322","5edfb0770fb0722aa3839b6d","declarative-narrow-focus",14,87.5,54.1666666666667,33
"323","5edfb0770fb0722aa3839b6d","interrogative-partial-wh",12,75,54.1666666666667,33
"324","5edfb0770fb0722aa3839b6d","interrogative-total-yn",15,93.75,54.1666666666667,33
"325","5ee50130f8d19d080bcc8263","declarative-broad-focus",16,100,62.5,34
"326","5ee50130f8d19d080bcc8263","declarative-narrow-focus",15,93.75,62.5,34
"327","5ee50130f8d19d080bcc8263","interrogative-partial-wh",13,81.25,62.5,34
"328","5ee50130f8d19d080bcc8263","interrogative-total-yn",12,75,62.5,34
"329","5ef411225a5e591d15fda2ec","declarative-broad-focus",16,100,46.6666666666667,50
"330","5ef411225a5e591d15fda2ec","declarative-narrow-focus",16,100,46.6666666666667,50
"331","5ef411225a5e591d15fda2ec","interrogative-partial-wh",15,93.75,46.6666666666667,50
"332","5ef411225a5e591d15fda2ec","interrogative-total-yn",4,25,46.6666666666667,50
"333","5efb5360f3f69c084c1ca850","declarative-broad-focus",13,81.25,47.5,43
"334","5efb5360f3f69c084c1ca850","declarative-narrow-focus",15,93.75,47.5,43
"335","5efb5360f3f69c084c1ca850","interrogative-partial-wh",13,81.25,47.5,43
"336","5efb5360f3f69c084c1ca850","interrogative-total-yn",4,25,47.5,43
"337","5f0499756b5d4972f0da9c78","declarative-broad-focus",14,87.5,55.8333333333333,14
"338","5f0499756b5d4972f0da9c78","declarative-narrow-focus",16,100,55.8333333333333,14
"339","5f0499756b5d4972f0da9c78","interrogative-partial-wh",6,37.5,55.8333333333333,14
"340","5f0499756b5d4972f0da9c78","interrogative-total-yn",11,68.75,55.8333333333333,14
"341","5f055b6ca28292863f750383","declarative-broad-focus",15,93.75,54.1666666666667,38
"342","5f055b6ca28292863f750383","declarative-narrow-focus",16,100,54.1666666666667,38
"343","5f055b6ca28292863f750383","interrogative-partial-wh",11,68.75,54.1666666666667,38
"344","5f055b6ca28292863f750383","interrogative-total-yn",9,56.25,54.1666666666667,38
"345","5f0763da47bd2b3561e8d085","declarative-broad-focus",16,100,53.3333333333333,49
"346","5f0763da47bd2b3561e8d085","declarative-narrow-focus",16,100,53.3333333333333,49
"347","5f0763da47bd2b3561e8d085","interrogative-partial-wh",8,50,53.3333333333333,49
"348","5f0763da47bd2b3561e8d085","interrogative-total-yn",9,56.25,53.3333333333333,49
"349","5f121091e95fdc03b5e897d0","declarative-broad-focus",16,100,44.1666666666667,48
"350","5f121091e95fdc03b5e897d0","declarative-narrow-focus",15,93.75,44.1666666666667,48
"351","5f121091e95fdc03b5e897d0","interrogative-partial-wh",7,43.75,44.1666666666667,48
"352","5f121091e95fdc03b5e897d0","interrogative-total-yn",7,43.75,44.1666666666667,48
"353","5f14e0f456500058ee865863","declarative-broad-focus",14,87.5,50.8333333333333,34
"354","5f14e0f456500058ee865863","declarative-narrow-focus",16,100,50.8333333333333,34
"355","5f14e0f456500058ee865863","interrogative-partial-wh",15,93.75,50.8333333333333,34
"356","5f14e0f456500058ee865863","interrogative-total-yn",6,37.5,50.8333333333333,34
"357","5f163626e9b14f1bfccf2b67","declarative-broad-focus",15,93.75,53.3333333333333,22
"358","5f163626e9b14f1bfccf2b67","declarative-narrow-focus",16,100,53.3333333333333,22
"359","5f163626e9b14f1bfccf2b67","interrogative-partial-wh",9,56.25,53.3333333333333,22
"360","5f163626e9b14f1bfccf2b67","interrogative-total-yn",8,50,53.3333333333333,22
"361","5f186916b4317902cdb28f39","declarative-broad-focus",16,100,45.8333333333333,62
"362","5f186916b4317902cdb28f39","declarative-narrow-focus",16,100,45.8333333333333,62
"363","5f186916b4317902cdb28f39","interrogative-partial-wh",12,75,45.8333333333333,62
"364","5f186916b4317902cdb28f39","interrogative-total-yn",15,93.75,45.8333333333333,62
"365","5f22bdb732432502a2615f3f","declarative-broad-focus",16,100,71.6666666666667,49
"366","5f22bdb732432502a2615f3f","declarative-narrow-focus",15,93.75,71.6666666666667,49
"367","5f22bdb732432502a2615f3f","interrogative-partial-wh",16,100,71.6666666666667,49
"368","5f22bdb732432502a2615f3f","interrogative-total-yn",16,100,71.6666666666667,49
"369","5f23ff398626c51fdd6c3fb5","declarative-broad-focus",16,100,49.1666666666667,35
"370","5f23ff398626c51fdd6c3fb5","declarative-narrow-focus",15,93.75,49.1666666666667,35
"371","5f23ff398626c51fdd6c3fb5","interrogative-partial-wh",14,87.5,49.1666666666667,35
"372","5f23ff398626c51fdd6c3fb5","interrogative-total-yn",5,31.25,49.1666666666667,35
"373","5f2af333a305a1453082fa08","declarative-broad-focus",16,100,48.3333333333333,27
"374","5f2af333a305a1453082fa08","declarative-narrow-focus",16,100,48.3333333333333,27
"375","5f2af333a305a1453082fa08","interrogative-partial-wh",6,37.5,48.3333333333333,27
"376","5f2af333a305a1453082fa08","interrogative-total-yn",14,87.5,48.3333333333333,27
"377","5f2cd45cd689ae1ec67c848c","declarative-broad-focus",13,81.25,52.5,40
"378","5f2cd45cd689ae1ec67c848c","declarative-narrow-focus",9,56.25,52.5,40
"379","5f2cd45cd689ae1ec67c848c","interrogative-partial-wh",8,50,52.5,40
"380","5f2cd45cd689ae1ec67c848c","interrogative-total-yn",7,43.75,52.5,40
"381","5f2f03deec679e2cf4a992e6","declarative-broad-focus",16,100,47.5,59
"382","5f2f03deec679e2cf4a992e6","declarative-narrow-focus",16,100,47.5,59
"383","5f2f03deec679e2cf4a992e6","interrogative-partial-wh",13,81.25,47.5,59
"384","5f2f03deec679e2cf4a992e6","interrogative-total-yn",6,37.5,47.5,59
"385","5f317125c5a8420186619723","declarative-broad-focus",6,37.5,38.3333333333333,33
"386","5f317125c5a8420186619723","declarative-narrow-focus",9,56.25,38.3333333333333,33
"387","5f317125c5a8420186619723","interrogative-partial-wh",13,81.25,38.3333333333333,33
"388","5f317125c5a8420186619723","interrogative-total-yn",9,56.25,38.3333333333333,33
"389","5f32a66eb0b759099d33fb8c","declarative-broad-focus",14,87.5,44.1666666666667,56
"390","5f32a66eb0b759099d33fb8c","declarative-narrow-focus",16,100,44.1666666666667,56
"391","5f32a66eb0b759099d33fb8c","interrogative-partial-wh",9,56.25,44.1666666666667,56
"392","5f32a66eb0b759099d33fb8c","interrogative-total-yn",13,81.25,44.1666666666667,56
"393","5f3810bc8049e40ad7b6909a","declarative-broad-focus",15,93.75,45.8333333333333,24
"394","5f3810bc8049e40ad7b6909a","declarative-narrow-focus",16,100,45.8333333333333,24
"395","5f3810bc8049e40ad7b6909a","interrogative-partial-wh",10,62.5,45.8333333333333,24
"396","5f3810bc8049e40ad7b6909a","interrogative-total-yn",9,56.25,45.8333333333333,24
"397","5f3bf76b70b2305d2e676bc8","declarative-broad-focus",9,56.25,48.3333333333333,26
"398","5f3bf76b70b2305d2e676bc8","declarative-narrow-focus",8,50,48.3333333333333,26
"399","5f3bf76b70b2305d2e676bc8","interrogative-partial-wh",12,75,48.3333333333333,26
"400","5f3bf76b70b2305d2e676bc8","interrogative-total-yn",10,62.5,48.3333333333333,26
"401","5f3d1db8a6057b0217f30a13","declarative-broad-focus",16,100,50,22
"402","5f3d1db8a6057b0217f30a13","declarative-narrow-focus",15,93.75,50,22
"403","5f3d1db8a6057b0217f30a13","interrogative-partial-wh",15,93.75,50,22
"404","5f3d1db8a6057b0217f30a13","interrogative-total-yn",11,68.75,50,22
"405","5f3eeb74bfbc021a779796d2","declarative-broad-focus",16,100,47.5,47
"406","5f3eeb74bfbc021a779796d2","declarative-narrow-focus",16,100,47.5,47
"407","5f3eeb74bfbc021a779796d2","interrogative-partial-wh",11,68.75,47.5,47
"408","5f3eeb74bfbc021a779796d2","interrogative-total-yn",8,50,47.5,47
"409","5f3fecd2bc9bac0b4ca93d30","declarative-broad-focus",16,100,64.1666666666667,38
"410","5f3fecd2bc9bac0b4ca93d30","declarative-narrow-focus",16,100,64.1666666666667,38
"411","5f3fecd2bc9bac0b4ca93d30","interrogative-partial-wh",12,75,64.1666666666667,38
"412","5f3fecd2bc9bac0b4ca93d30","interrogative-total-yn",5,31.25,64.1666666666667,38
"413","5f40de3e899a9b2155b6eabf","declarative-broad-focus",7,43.75,54.1666666666667,32
"414","5f40de3e899a9b2155b6eabf","declarative-narrow-focus",11,68.75,54.1666666666667,32
"415","5f40de3e899a9b2155b6eabf","interrogative-partial-wh",12,75,54.1666666666667,32
"416","5f40de3e899a9b2155b6eabf","interrogative-total-yn",13,81.25,54.1666666666667,32
"417","5f4580ba9ae79f195a9ece38","declarative-broad-focus",15,93.75,75,40
"418","5f4580ba9ae79f195a9ece38","declarative-narrow-focus",15,93.75,75,40
"419","5f4580ba9ae79f195a9ece38","interrogative-partial-wh",9,56.25,75,40
"420","5f4580ba9ae79f195a9ece38","interrogative-total-yn",14,87.5,75,40
"421","5f46fd0e30f69f0de0dfa38c","declarative-broad-focus",15,93.75,47.5,30
"422","5f46fd0e30f69f0de0dfa38c","declarative-narrow-focus",15,93.75,47.5,30
"423","5f46fd0e30f69f0de0dfa38c","interrogative-partial-wh",9,56.25,47.5,30
"424","5f46fd0e30f69f0de0dfa38c","interrogative-total-yn",11,68.75,47.5,30
"425","5f48e9e36d9c7b3b69c5ed4f","declarative-broad-focus",16,100,44.1666666666667,31
"426","5f48e9e36d9c7b3b69c5ed4f","declarative-narrow-focus",16,100,44.1666666666667,31
"427","5f48e9e36d9c7b3b69c5ed4f","interrogative-partial-wh",11,68.75,44.1666666666667,31
"428","5f48e9e36d9c7b3b69c5ed4f","interrogative-total-yn",4,25,44.1666666666667,31
"429","5f49286a48bd2a43821fab14","declarative-broad-focus",16,100,50,24
"430","5f49286a48bd2a43821fab14","declarative-narrow-focus",15,93.75,50,24
"431","5f49286a48bd2a43821fab14","interrogative-partial-wh",12,75,50,24
"432","5f49286a48bd2a43821fab14","interrogative-total-yn",2,12.5,50,24
"433","5f4cfe26fc6fe994078bedd3","declarative-broad-focus",13,81.25,45.8333333333333,31
"434","5f4cfe26fc6fe994078bedd3","declarative-narrow-focus",12,75,45.8333333333333,31
"435","5f4cfe26fc6fe994078bedd3","interrogative-partial-wh",3,18.75,45.8333333333333,31
"436","5f4cfe26fc6fe994078bedd3","interrogative-total-yn",9,56.25,45.8333333333333,31
"437","5f4e50590bf655000c944e16","declarative-broad-focus",15,93.75,45,41
"438","5f4e50590bf655000c944e16","declarative-narrow-focus",16,100,45,41
"439","5f4e50590bf655000c944e16","interrogative-partial-wh",6,37.5,45,41
"440","5f4e50590bf655000c944e16","interrogative-total-yn",14,87.5,45,41
"441","5f53927e3a8bb66b0f07d471","declarative-broad-focus",14,87.5,70,39
"442","5f53927e3a8bb66b0f07d471","declarative-narrow-focus",14,87.5,70,39
"443","5f53927e3a8bb66b0f07d471","interrogative-partial-wh",7,43.75,70,39
"444","5f53927e3a8bb66b0f07d471","interrogative-total-yn",15,93.75,70,39
"445","5f5588d8f313fc95927e288b","declarative-broad-focus",16,100,41.6666666666667,44
"446","5f5588d8f313fc95927e288b","declarative-narrow-focus",15,93.75,41.6666666666667,44
"447","5f5588d8f313fc95927e288b","interrogative-partial-wh",8,50,41.6666666666667,44
"448","5f5588d8f313fc95927e288b","interrogative-total-yn",11,68.75,41.6666666666667,44
"449","5f56481f814f890398411ba3","declarative-broad-focus",14,87.5,51.6666666666667,34
"450","5f56481f814f890398411ba3","declarative-narrow-focus",16,100,51.6666666666667,34
"451","5f56481f814f890398411ba3","interrogative-partial-wh",9,56.25,51.6666666666667,34
"452","5f56481f814f890398411ba3","interrogative-total-yn",11,68.75,51.6666666666667,34
"453","5f579b85e5442025dcc0c068","declarative-broad-focus",15,93.75,45,29
"454","5f579b85e5442025dcc0c068","declarative-narrow-focus",13,81.25,45,29
"455","5f579b85e5442025dcc0c068","interrogative-partial-wh",7,43.75,45,29
"456","5f579b85e5442025dcc0c068","interrogative-total-yn",12,75,45,29
"457","5f582002dff3f038d1eb83c4","declarative-broad-focus",14,87.5,54.1666666666667,51
"458","5f582002dff3f038d1eb83c4","declarative-narrow-focus",16,100,54.1666666666667,51
"459","5f582002dff3f038d1eb83c4","interrogative-partial-wh",13,81.25,54.1666666666667,51
"460","5f582002dff3f038d1eb83c4","interrogative-total-yn",13,81.25,54.1666666666667,51
"461","5f59196cdfe283117d6e909e","declarative-broad-focus",16,100,52.5,54
"462","5f59196cdfe283117d6e909e","declarative-narrow-focus",16,100,52.5,54
"463","5f59196cdfe283117d6e909e","interrogative-partial-wh",16,100,52.5,54
"464","5f59196cdfe283117d6e909e","interrogative-total-yn",3,18.75,52.5,54
"465","5f656030cd36f609db0da23e","declarative-broad-focus",16,100,63.3333333333333,39
"466","5f656030cd36f609db0da23e","declarative-narrow-focus",15,93.75,63.3333333333333,39
"467","5f656030cd36f609db0da23e","interrogative-partial-wh",16,100,63.3333333333333,39
"468","5f656030cd36f609db0da23e","interrogative-total-yn",12,75,63.3333333333333,39
"469","5f6a094092466e03262c6b37","declarative-broad-focus",16,100,50.8333333333333,44
"470","5f6a094092466e03262c6b37","declarative-narrow-focus",16,100,50.8333333333333,44
"471","5f6a094092466e03262c6b37","interrogative-partial-wh",16,100,50.8333333333333,44
"472","5f6a094092466e03262c6b37","interrogative-total-yn",3,18.75,50.8333333333333,44
"473","5f6bc8e8a9a9b4134c8719b4","declarative-broad-focus",16,100,46.6666666666667,39
"474","5f6bc8e8a9a9b4134c8719b4","declarative-narrow-focus",15,93.75,46.6666666666667,39
"475","5f6bc8e8a9a9b4134c8719b4","interrogative-partial-wh",7,43.75,46.6666666666667,39
"476","5f6bc8e8a9a9b4134c8719b4","interrogative-total-yn",10,62.5,46.6666666666667,39
"477","5f7058deeb83ab60bb836eae","declarative-broad-focus",16,100,56.6666666666667,22
"478","5f7058deeb83ab60bb836eae","declarative-narrow-focus",16,100,56.6666666666667,22
"479","5f7058deeb83ab60bb836eae","interrogative-partial-wh",11,68.75,56.6666666666667,22
"480","5f7058deeb83ab60bb836eae","interrogative-total-yn",5,31.25,56.6666666666667,22
"481","5f7cdbfddd75001800fa84b9","declarative-broad-focus",15,93.75,49.1666666666667,29
"482","5f7cdbfddd75001800fa84b9","declarative-narrow-focus",14,87.5,49.1666666666667,29
"483","5f7cdbfddd75001800fa84b9","interrogative-partial-wh",10,62.5,49.1666666666667,29
"484","5f7cdbfddd75001800fa84b9","interrogative-total-yn",9,56.25,49.1666666666667,29
"485","5f80bc44efa2c013099af460","declarative-broad-focus",16,100,54.1666666666667,13
"486","5f80bc44efa2c013099af460","declarative-narrow-focus",16,100,54.1666666666667,13
"487","5f80bc44efa2c013099af460","interrogative-partial-wh",14,87.5,54.1666666666667,13
"488","5f80bc44efa2c013099af460","interrogative-total-yn",7,43.75,54.1666666666667,13
"489","5f865e9ac5be471b63865294","declarative-broad-focus",10,62.5,50,40
"490","5f865e9ac5be471b63865294","declarative-narrow-focus",14,87.5,50,40
"491","5f865e9ac5be471b63865294","interrogative-partial-wh",10,62.5,50,40
"492","5f865e9ac5be471b63865294","interrogative-total-yn",6,37.5,50,40
"493","5f8dbc2dbe6a9e10493e3d6e","declarative-broad-focus",16,100,65,45
"494","5f8dbc2dbe6a9e10493e3d6e","declarative-narrow-focus",16,100,65,45
"495","5f8dbc2dbe6a9e10493e3d6e","interrogative-partial-wh",15,93.75,65,45
"496","5f8dbc2dbe6a9e10493e3d6e","interrogative-total-yn",5,31.25,65,45
"497","5f90744a10d3371291f6c0b2","declarative-broad-focus",15,93.75,40.8333333333333,54
"498","5f90744a10d3371291f6c0b2","declarative-narrow-focus",15,93.75,40.8333333333333,54
"499","5f90744a10d3371291f6c0b2","interrogative-partial-wh",6,37.5,40.8333333333333,54
"500","5f90744a10d3371291f6c0b2","interrogative-total-yn",11,68.75,40.8333333333333,54
"501","5f9710e93c0e4a07c48e98d9","declarative-broad-focus",5,31.25,44.1666666666667,37
"502","5f9710e93c0e4a07c48e98d9","declarative-narrow-focus",10,62.5,44.1666666666667,37
"503","5f9710e93c0e4a07c48e98d9","interrogative-partial-wh",11,68.75,44.1666666666667,37
"504","5f9710e93c0e4a07c48e98d9","interrogative-total-yn",14,87.5,44.1666666666667,37
"505","5f9858b14dff5d10e5c3cdb3","declarative-broad-focus",16,100,44.1666666666667,28
"506","5f9858b14dff5d10e5c3cdb3","declarative-narrow-focus",16,100,44.1666666666667,28
"507","5f9858b14dff5d10e5c3cdb3","interrogative-partial-wh",5,31.25,44.1666666666667,28
"508","5f9858b14dff5d10e5c3cdb3","interrogative-total-yn",11,68.75,44.1666666666667,28
"509","5f985a6faf071810974a32f8","declarative-broad-focus",11,68.75,44.1666666666667,34
"510","5f985a6faf071810974a32f8","declarative-narrow-focus",14,87.5,44.1666666666667,34
"511","5f985a6faf071810974a32f8","interrogative-partial-wh",16,100,44.1666666666667,34
"512","5f985a6faf071810974a32f8","interrogative-total-yn",6,37.5,44.1666666666667,34
"513","5f99e3031e4f740c4a2f6cbc","declarative-broad-focus",16,100,46.6666666666667,13
"514","5f99e3031e4f740c4a2f6cbc","declarative-narrow-focus",16,100,46.6666666666667,13
"515","5f99e3031e4f740c4a2f6cbc","interrogative-partial-wh",11,68.75,46.6666666666667,13
"516","5f99e3031e4f740c4a2f6cbc","interrogative-total-yn",11,68.75,46.6666666666667,13
"517","5fa500331b3c351a9d18488c","declarative-broad-focus",13,81.25,54.1666666666667,20
"518","5fa500331b3c351a9d18488c","declarative-narrow-focus",11,68.75,54.1666666666667,20
"519","5fa500331b3c351a9d18488c","interrogative-partial-wh",5,31.25,54.1666666666667,20
"520","5fa500331b3c351a9d18488c","interrogative-total-yn",14,87.5,54.1666666666667,20
"521","5faeb0771929e6000941ecc5","declarative-broad-focus",16,100,50.8333333333333,36
"522","5faeb0771929e6000941ecc5","declarative-narrow-focus",16,100,50.8333333333333,36
"523","5faeb0771929e6000941ecc5","interrogative-partial-wh",13,81.25,50.8333333333333,36
"524","5faeb0771929e6000941ecc5","interrogative-total-yn",10,62.5,50.8333333333333,36
"525","5fb327660f80c1a4d39fada2","declarative-broad-focus",16,100,51.6666666666667,30
"526","5fb327660f80c1a4d39fada2","declarative-narrow-focus",16,100,51.6666666666667,30
"527","5fb327660f80c1a4d39fada2","interrogative-partial-wh",11,68.75,51.6666666666667,30
"528","5fb327660f80c1a4d39fada2","interrogative-total-yn",8,50,51.6666666666667,30
"529","5fb33ec89c2b44a71c2cd5df","declarative-broad-focus",16,100,47.5,40
"530","5fb33ec89c2b44a71c2cd5df","declarative-narrow-focus",16,100,47.5,40
"531","5fb33ec89c2b44a71c2cd5df","interrogative-partial-wh",15,93.75,47.5,40
"532","5fb33ec89c2b44a71c2cd5df","interrogative-total-yn",4,25,47.5,40
"533","5fb41bf3f84c7006ac8e30f2","declarative-broad-focus",16,100,36.6666666666667,39
"534","5fb41bf3f84c7006ac8e30f2","declarative-narrow-focus",12,75,36.6666666666667,39
"535","5fb41bf3f84c7006ac8e30f2","interrogative-partial-wh",14,87.5,36.6666666666667,39
"536","5fb41bf3f84c7006ac8e30f2","interrogative-total-yn",10,62.5,36.6666666666667,39
"537","5fb596ff69ed590fff92ba8f","declarative-broad-focus",16,100,50.8333333333333,48
"538","5fb596ff69ed590fff92ba8f","declarative-narrow-focus",15,93.75,50.8333333333333,48
"539","5fb596ff69ed590fff92ba8f","interrogative-partial-wh",7,43.75,50.8333333333333,48
"540","5fb596ff69ed590fff92ba8f","interrogative-total-yn",11,68.75,50.8333333333333,48
"541","5fb6da2d039b27111314d871","declarative-broad-focus",16,100,56.6666666666667,46
"542","5fb6da2d039b27111314d871","declarative-narrow-focus",16,100,56.6666666666667,46
"543","5fb6da2d039b27111314d871","interrogative-partial-wh",16,100,56.6666666666667,46
"544","5fb6da2d039b27111314d871","interrogative-total-yn",4,25,56.6666666666667,46
"545","5fb6f3bc48d534199270ad38","declarative-broad-focus",14,87.5,50,27
"546","5fb6f3bc48d534199270ad38","declarative-narrow-focus",16,100,50,27
"547","5fb6f3bc48d534199270ad38","interrogative-partial-wh",13,81.25,50,27
"548","5fb6f3bc48d534199270ad38","interrogative-total-yn",4,25,50,27
"549","5fb87ecac3b7885df134405a","declarative-broad-focus",16,100,50.8333333333333,26
"550","5fb87ecac3b7885df134405a","declarative-narrow-focus",15,93.75,50.8333333333333,26
"551","5fb87ecac3b7885df134405a","interrogative-partial-wh",5,31.25,50.8333333333333,26
"552","5fb87ecac3b7885df134405a","interrogative-total-yn",11,68.75,50.8333333333333,26
"553","5fb93ffbd40ee27661244708","declarative-broad-focus",15,93.75,49.1666666666667,46
"554","5fb93ffbd40ee27661244708","declarative-narrow-focus",14,87.5,49.1666666666667,46
"555","5fb93ffbd40ee27661244708","interrogative-partial-wh",15,93.75,49.1666666666667,46
"556","5fb93ffbd40ee27661244708","interrogative-total-yn",9,56.25,49.1666666666667,46
"557","5fb9689421064d7ff5f5243e","declarative-broad-focus",16,100,52.5,44
"558","5fb9689421064d7ff5f5243e","declarative-narrow-focus",16,100,52.5,44
"559","5fb9689421064d7ff5f5243e","interrogative-partial-wh",10,62.5,52.5,44
"560","5fb9689421064d7ff5f5243e","interrogative-total-yn",7,43.75,52.5,44
"561","5fbd1e2fb3756f06700d2475","declarative-broad-focus",11,68.75,71.6666666666667,21
"562","5fbd1e2fb3756f06700d2475","declarative-narrow-focus",8,50,71.6666666666667,21
"563","5fbd1e2fb3756f06700d2475","interrogative-partial-wh",8,50,71.6666666666667,21
"564","5fbd1e2fb3756f06700d2475","interrogative-total-yn",12,75,71.6666666666667,21
"565","5fc004cdd7890e102cc48ce6","declarative-broad-focus",15,93.75,54.1666666666667,19
"566","5fc004cdd7890e102cc48ce6","declarative-narrow-focus",15,93.75,54.1666666666667,19
"567","5fc004cdd7890e102cc48ce6","interrogative-partial-wh",13,81.25,54.1666666666667,19
"568","5fc004cdd7890e102cc48ce6","interrogative-total-yn",10,62.5,54.1666666666667,19
"569","5fc00932d6371d37ee128423","declarative-broad-focus",14,87.5,55.8333333333333,61
"570","5fc00932d6371d37ee128423","declarative-narrow-focus",16,100,55.8333333333333,61
"571","5fc00932d6371d37ee128423","interrogative-partial-wh",14,87.5,55.8333333333333,61
"572","5fc00932d6371d37ee128423","interrogative-total-yn",12,75,55.8333333333333,61
"573","5fc51d23152a5a0008a1956c","declarative-broad-focus",15,93.75,55,37
"574","5fc51d23152a5a0008a1956c","declarative-narrow-focus",16,100,55,37
"575","5fc51d23152a5a0008a1956c","interrogative-partial-wh",15,93.75,55,37
"576","5fc51d23152a5a0008a1956c","interrogative-total-yn",15,93.75,55,37
"577","5fc663e511783d0a0e619de1","declarative-broad-focus",16,100,57.5,48
"578","5fc663e511783d0a0e619de1","declarative-narrow-focus",16,100,57.5,48
"579","5fc663e511783d0a0e619de1","interrogative-partial-wh",15,93.75,57.5,48
"580","5fc663e511783d0a0e619de1","interrogative-total-yn",2,12.5,57.5,48
"581","5fce532e51f670000a2a1410","declarative-broad-focus",13,81.25,47.5,25
"582","5fce532e51f670000a2a1410","declarative-narrow-focus",15,93.75,47.5,25
"583","5fce532e51f670000a2a1410","interrogative-partial-wh",7,43.75,47.5,25
"584","5fce532e51f670000a2a1410","interrogative-total-yn",13,81.25,47.5,25
"585","5fcf286268f4c722183af975","declarative-broad-focus",15,93.75,45.8333333333333,23
"586","5fcf286268f4c722183af975","declarative-narrow-focus",16,100,45.8333333333333,23
"587","5fcf286268f4c722183af975","interrogative-partial-wh",10,62.5,45.8333333333333,23
"588","5fcf286268f4c722183af975","interrogative-total-yn",9,56.25,45.8333333333333,23
"589","5fd4335c2d643f1a0ed65cb7","declarative-broad-focus",12,75,47.5,24
"590","5fd4335c2d643f1a0ed65cb7","declarative-narrow-focus",11,68.75,47.5,24
"591","5fd4335c2d643f1a0ed65cb7","interrogative-partial-wh",12,75,47.5,24
"592","5fd4335c2d643f1a0ed65cb7","interrogative-total-yn",11,68.75,47.5,24
"593","5fdf9d13a6a9ed7d8efd0b69","declarative-broad-focus",12,75,41.6666666666667,20
"594","5fdf9d13a6a9ed7d8efd0b69","declarative-narrow-focus",10,62.5,41.6666666666667,20
"595","5fdf9d13a6a9ed7d8efd0b69","interrogative-partial-wh",15,93.75,41.6666666666667,20
"596","5fdf9d13a6a9ed7d8efd0b69","interrogative-total-yn",11,68.75,41.6666666666667,20
"597","5febbf353cc53cce4cec36e3","declarative-broad-focus",15,93.75,49.1666666666667,49
"598","5febbf353cc53cce4cec36e3","declarative-narrow-focus",15,93.75,49.1666666666667,49
"599","5febbf353cc53cce4cec36e3","interrogative-partial-wh",12,75,49.1666666666667,49
"600","5febbf353cc53cce4cec36e3","interrogative-total-yn",11,68.75,49.1666666666667,49
"601","5fecd5fa7e067ae6bd9cc8d2","declarative-broad-focus",15,93.75,48.3333333333333,33
"602","5fecd5fa7e067ae6bd9cc8d2","declarative-narrow-focus",15,93.75,48.3333333333333,33
"603","5fecd5fa7e067ae6bd9cc8d2","interrogative-partial-wh",13,81.25,48.3333333333333,33
"604","5fecd5fa7e067ae6bd9cc8d2","interrogative-total-yn",4,25,48.3333333333333,33
"605","5fed01281d6cb4f2fef20220","declarative-broad-focus",16,100,58.3333333333333,48
"606","5fed01281d6cb4f2fef20220","declarative-narrow-focus",15,93.75,58.3333333333333,48
"607","5fed01281d6cb4f2fef20220","interrogative-partial-wh",14,87.5,58.3333333333333,48
"608","5fed01281d6cb4f2fef20220","interrogative-total-yn",10,62.5,58.3333333333333,48
"609","5feef07e0ad48b201b5ad5fe","declarative-broad-focus",14,87.5,39.1666666666667,28
"610","5feef07e0ad48b201b5ad5fe","declarative-narrow-focus",14,87.5,39.1666666666667,28
"611","5feef07e0ad48b201b5ad5fe","interrogative-partial-wh",8,50,39.1666666666667,28
"612","5feef07e0ad48b201b5ad5fe","interrogative-total-yn",7,43.75,39.1666666666667,28
"613","5ff1e7e39f4b9e67a53f893a","declarative-broad-focus",16,100,43.3333333333333,43
"614","5ff1e7e39f4b9e67a53f893a","declarative-narrow-focus",14,87.5,43.3333333333333,43
"615","5ff1e7e39f4b9e67a53f893a","interrogative-partial-wh",8,50,43.3333333333333,43
"616","5ff1e7e39f4b9e67a53f893a","interrogative-total-yn",13,81.25,43.3333333333333,43
"617","5ff364b2c9707d906a0fc44e","declarative-broad-focus",16,100,58.3333333333333,56
"618","5ff364b2c9707d906a0fc44e","declarative-narrow-focus",16,100,58.3333333333333,56
"619","5ff364b2c9707d906a0fc44e","interrogative-partial-wh",12,75,58.3333333333333,56
"620","5ff364b2c9707d906a0fc44e","interrogative-total-yn",8,50,58.3333333333333,56
"621","5ff8b291840bed124061d389","declarative-broad-focus",15,93.75,55,48
"622","5ff8b291840bed124061d389","declarative-narrow-focus",16,100,55,48
"623","5ff8b291840bed124061d389","interrogative-partial-wh",7,43.75,55,48
"624","5ff8b291840bed124061d389","interrogative-total-yn",12,75,55,48
"625","5ffef0a1255d0c5fd3bdfd6a","declarative-broad-focus",16,100,55,42
"626","5ffef0a1255d0c5fd3bdfd6a","declarative-narrow-focus",15,93.75,55,42
"627","5ffef0a1255d0c5fd3bdfd6a","interrogative-partial-wh",16,100,55,42
"628","5ffef0a1255d0c5fd3bdfd6a","interrogative-total-yn",10,62.5,55,42
"629","6005a135fff7b6818a99fd87","declarative-broad-focus",16,100,55,17
"630","6005a135fff7b6818a99fd87","declarative-narrow-focus",16,100,55,17
"631","6005a135fff7b6818a99fd87","interrogative-partial-wh",6,37.5,55,17
"632","6005a135fff7b6818a99fd87","interrogative-total-yn",12,75,55,17
"633","600b0f7fa045ed0f806f01e2","declarative-broad-focus",16,100,55.8333333333333,36
"634","600b0f7fa045ed0f806f01e2","declarative-narrow-focus",16,100,55.8333333333333,36
"635","600b0f7fa045ed0f806f01e2","interrogative-partial-wh",10,62.5,55.8333333333333,36
"636","600b0f7fa045ed0f806f01e2","interrogative-total-yn",10,62.5,55.8333333333333,36
"637","600be42e32909325b20ab5f0","declarative-broad-focus",16,100,58.3333333333333,29
"638","600be42e32909325b20ab5f0","declarative-narrow-focus",15,93.75,58.3333333333333,29
"639","600be42e32909325b20ab5f0","interrogative-partial-wh",15,93.75,58.3333333333333,29
"640","600be42e32909325b20ab5f0","interrogative-total-yn",6,37.5,58.3333333333333,29
"641","600e9f3d9b955475336971bb","declarative-broad-focus",15,93.75,50,24
"642","600e9f3d9b955475336971bb","declarative-narrow-focus",15,93.75,50,24
"643","600e9f3d9b955475336971bb","interrogative-partial-wh",13,81.25,50,24
"644","600e9f3d9b955475336971bb","interrogative-total-yn",11,68.75,50,24
"645","600f3bb4c3125f0d2a2f0d36","declarative-broad-focus",13,81.25,52.5,23
"646","600f3bb4c3125f0d2a2f0d36","declarative-narrow-focus",12,75,52.5,23
"647","600f3bb4c3125f0d2a2f0d36","interrogative-partial-wh",13,81.25,52.5,23
"648","600f3bb4c3125f0d2a2f0d36","interrogative-total-yn",8,50,52.5,23
"649","60105552a0d121342846b31a","declarative-broad-focus",16,100,45,42
"650","60105552a0d121342846b31a","declarative-narrow-focus",16,100,45,42
"651","60105552a0d121342846b31a","interrogative-partial-wh",10,62.5,45,42
"652","60105552a0d121342846b31a","interrogative-total-yn",5,31.25,45,42
"653","601228de8f04be234171ca8f","declarative-broad-focus",15,93.75,59.1666666666667,38
"654","601228de8f04be234171ca8f","declarative-narrow-focus",15,93.75,59.1666666666667,38
"655","601228de8f04be234171ca8f","interrogative-partial-wh",12,75,59.1666666666667,38
"656","601228de8f04be234171ca8f","interrogative-total-yn",8,50,59.1666666666667,38
"657","601840b15165f20756c64e0f","declarative-broad-focus",16,100,45.8333333333333,34
"658","601840b15165f20756c64e0f","declarative-narrow-focus",16,100,45.8333333333333,34
"659","601840b15165f20756c64e0f","interrogative-partial-wh",15,93.75,45.8333333333333,34
"660","601840b15165f20756c64e0f","interrogative-total-yn",2,12.5,45.8333333333333,34
"661","601c454a1e2f3c720321470b","declarative-broad-focus",16,100,56.6666666666667,28
"662","601c454a1e2f3c720321470b","declarative-narrow-focus",16,100,56.6666666666667,28
"663","601c454a1e2f3c720321470b","interrogative-partial-wh",6,37.5,56.6666666666667,28
"664","601c454a1e2f3c720321470b","interrogative-total-yn",11,68.75,56.6666666666667,28
"665","601c8b5b02683a7e54b93aeb","declarative-broad-focus",13,81.25,40,31
"666","601c8b5b02683a7e54b93aeb","declarative-narrow-focus",16,100,40,31
"667","601c8b5b02683a7e54b93aeb","interrogative-partial-wh",16,100,40,31
"668","601c8b5b02683a7e54b93aeb","interrogative-total-yn",2,12.5,40,31
"669","601e15660cc54b258b587d3d","declarative-broad-focus",15,93.75,41.6666666666667,49
"670","601e15660cc54b258b587d3d","declarative-narrow-focus",15,93.75,41.6666666666667,49
"671","601e15660cc54b258b587d3d","interrogative-partial-wh",9,56.25,41.6666666666667,49
"672","601e15660cc54b258b587d3d","interrogative-total-yn",10,62.5,41.6666666666667,49
"673","601f04fb235cb14020c7a96f","declarative-broad-focus",15,93.75,55.8333333333333,52
"674","601f04fb235cb14020c7a96f","declarative-narrow-focus",15,93.75,55.8333333333333,52
"675","601f04fb235cb14020c7a96f","interrogative-partial-wh",15,93.75,55.8333333333333,52
"676","601f04fb235cb14020c7a96f","interrogative-total-yn",6,37.5,55.8333333333333,52
"677","6021d935ae778527962c9fd3","declarative-broad-focus",16,100,46.6666666666667,9
"678","6021d935ae778527962c9fd3","declarative-narrow-focus",16,100,46.6666666666667,9
"679","6021d935ae778527962c9fd3","interrogative-partial-wh",9,56.25,46.6666666666667,9
"680","6021d935ae778527962c9fd3","interrogative-total-yn",8,50,46.6666666666667,9
"681","6021f6c1f883e82b11739f31","declarative-broad-focus",16,100,73.3333333333333,50
"682","6021f6c1f883e82b11739f31","declarative-narrow-focus",15,93.75,73.3333333333333,50
"683","6021f6c1f883e82b11739f31","interrogative-partial-wh",16,100,73.3333333333333,50
"684","6023df587f535406af0c7fcb","declarative-broad-focus",13,81.25,41.6666666666667,42
"685","6023df587f535406af0c7fcb","declarative-narrow-focus",15,93.75,41.6666666666667,42
"686","6023df587f535406af0c7fcb","interrogative-partial-wh",12,75,41.6666666666667,42
"687","6023df587f535406af0c7fcb","interrogative-total-yn",9,56.25,41.6666666666667,42
"688","6026adf0704fd23a5dc0ee32","declarative-broad-focus",14,87.5,46.6666666666667,14
"689","6026adf0704fd23a5dc0ee32","declarative-narrow-focus",15,93.75,46.6666666666667,14
"690","6026adf0704fd23a5dc0ee32","interrogative-partial-wh",12,75,46.6666666666667,14
"691","6026adf0704fd23a5dc0ee32","interrogative-total-yn",10,62.5,46.6666666666667,14
"692","60274b8abca008526ce6433c","declarative-broad-focus",12,75,50,53
"693","60274b8abca008526ce6433c","declarative-narrow-focus",15,93.75,50,53
"694","60274b8abca008526ce6433c","interrogative-partial-wh",16,100,50,53
"695","60274b8abca008526ce6433c","interrogative-total-yn",8,50,50,53
"696","602854edbf92e76fc9c56355","declarative-broad-focus",16,100,83.3333333333333,37
"697","602854edbf92e76fc9c56355","declarative-narrow-focus",16,100,83.3333333333333,37
"698","602854edbf92e76fc9c56355","interrogative-partial-wh",14,87.5,83.3333333333333,37
"699","602854edbf92e76fc9c56355","interrogative-total-yn",8,50,83.3333333333333,37
"700","602c790b7597b0571b1e1472","declarative-broad-focus",15,93.75,46.6666666666667,38
"701","602c790b7597b0571b1e1472","declarative-narrow-focus",14,87.5,46.6666666666667,38
"702","602c790b7597b0571b1e1472","interrogative-partial-wh",8,50,46.6666666666667,38
"703","602c790b7597b0571b1e1472","interrogative-total-yn",14,87.5,46.6666666666667,38
"704","60307e9acd3854f1656ac658","declarative-broad-focus",16,100,51.6666666666667,44
"705","60307e9acd3854f1656ac658","declarative-narrow-focus",15,93.75,51.6666666666667,44
"706","60307e9acd3854f1656ac658","interrogative-partial-wh",15,93.75,51.6666666666667,44
"707","60307e9acd3854f1656ac658","interrogative-total-yn",13,81.25,51.6666666666667,44
"708","603401117dd0c2000a1cb8e6","declarative-broad-focus",15,93.75,47.5,27
"709","603401117dd0c2000a1cb8e6","declarative-narrow-focus",16,100,47.5,27
"710","603401117dd0c2000a1cb8e6","interrogative-partial-wh",14,87.5,47.5,27
"711","603401117dd0c2000a1cb8e6","interrogative-total-yn",9,56.25,47.5,27
"712","603414a536144802cda025f5","declarative-broad-focus",14,87.5,45,24
"713","603414a536144802cda025f5","declarative-narrow-focus",13,81.25,45,24
"714","603414a536144802cda025f5","interrogative-partial-wh",15,93.75,45,24
"715","603414a536144802cda025f5","interrogative-total-yn",4,25,45,24
"716","60368a98238695837a78529b","declarative-broad-focus",15,93.75,55,65
"717","60368a98238695837a78529b","declarative-narrow-focus",15,93.75,55,65
"718","60368a98238695837a78529b","interrogative-partial-wh",10,62.5,55,65
"719","60368a98238695837a78529b","interrogative-total-yn",9,56.25,55,65
"720","6037034f07abbf728431e247","declarative-broad-focus",14,87.5,40.8333333333333,26
"721","6037034f07abbf728431e247","declarative-narrow-focus",11,68.75,40.8333333333333,26
"722","6037034f07abbf728431e247","interrogative-partial-wh",10,62.5,40.8333333333333,26
"723","6037034f07abbf728431e247","interrogative-total-yn",4,25,40.8333333333333,26
"724","603cf23d1967b3b1cc9a2df0","declarative-broad-focus",16,100,45,37
"725","603cf23d1967b3b1cc9a2df0","declarative-narrow-focus",15,93.75,45,37
"726","603cf23d1967b3b1cc9a2df0","interrogative-partial-wh",12,75,45,37
"727","603cf23d1967b3b1cc9a2df0","interrogative-total-yn",5,31.25,45,37
"728","603d631cffe72fc0ff456cc2","declarative-broad-focus",16,100,38.3333333333333,43
"729","603d631cffe72fc0ff456cc2","declarative-narrow-focus",13,81.25,38.3333333333333,43
"730","603d631cffe72fc0ff456cc2","interrogative-partial-wh",12,75,38.3333333333333,43
"731","603d631cffe72fc0ff456cc2","interrogative-total-yn",14,87.5,38.3333333333333,43
"732","6041a2482c6bef1ae8fdd51e","declarative-broad-focus",16,100,49.1666666666667,48
"733","6041a2482c6bef1ae8fdd51e","declarative-narrow-focus",14,87.5,49.1666666666667,48
"734","6041a2482c6bef1ae8fdd51e","interrogative-partial-wh",7,43.75,49.1666666666667,48
"735","6041a2482c6bef1ae8fdd51e","interrogative-total-yn",11,68.75,49.1666666666667,48
"736","604243ad9743df09e0f72587","declarative-broad-focus",14,87.5,41.6666666666667,63
"737","604243ad9743df09e0f72587","declarative-narrow-focus",16,100,41.6666666666667,63
"738","604243ad9743df09e0f72587","interrogative-partial-wh",8,50,41.6666666666667,63
"739","604243ad9743df09e0f72587","interrogative-total-yn",11,68.75,41.6666666666667,63
"740","60439d78a013a237855f2ac8","declarative-broad-focus",16,100,38.3333333333333,64
"741","60439d78a013a237855f2ac8","declarative-narrow-focus",15,93.75,38.3333333333333,64
"742","60439d78a013a237855f2ac8","interrogative-partial-wh",14,87.5,38.3333333333333,64
"743","60439d78a013a237855f2ac8","interrogative-total-yn",10,62.5,38.3333333333333,64
"744","60441fcec87598475f6a829f","declarative-broad-focus",16,100,47.5,24
"745","60441fcec87598475f6a829f","declarative-narrow-focus",16,100,47.5,24
"746","60441fcec87598475f6a829f","interrogative-partial-wh",15,93.75,47.5,24
"747","60441fcec87598475f6a829f","interrogative-total-yn",6,37.5,47.5,24
"748","6044d8e1c960ed56b4b31fe7","declarative-broad-focus",12,75,43.3333333333333,39
"749","6044d8e1c960ed56b4b31fe7","declarative-narrow-focus",12,75,43.3333333333333,39
"750","6044d8e1c960ed56b4b31fe7","interrogative-partial-wh",14,87.5,43.3333333333333,39
"751","6044d8e1c960ed56b4b31fe7","interrogative-total-yn",6,37.5,43.3333333333333,39
"752","6047be65ca7cb2053e6aa926","declarative-broad-focus",16,100,41.6666666666667,19
"753","6047be65ca7cb2053e6aa926","declarative-narrow-focus",15,93.75,41.6666666666667,19
"754","6047be65ca7cb2053e6aa926","interrogative-partial-wh",6,37.5,41.6666666666667,19
"755","6047be65ca7cb2053e6aa926","interrogative-total-yn",8,50,41.6666666666667,19
"756","60480a1f6a283e139e6757b6","declarative-broad-focus",16,100,55,24
"757","60480a1f6a283e139e6757b6","declarative-narrow-focus",16,100,55,24
"758","60480a1f6a283e139e6757b6","interrogative-partial-wh",10,62.5,55,24
"759","60480a1f6a283e139e6757b6","interrogative-total-yn",13,81.25,55,24
"760","60485c6bfddf0e195cb18b62","declarative-broad-focus",15,93.75,48.3333333333333,14
"761","60485c6bfddf0e195cb18b62","declarative-narrow-focus",12,75,48.3333333333333,14
"762","60485c6bfddf0e195cb18b62","interrogative-partial-wh",7,43.75,48.3333333333333,14
"763","60485c6bfddf0e195cb18b62","interrogative-total-yn",3,18.75,48.3333333333333,14
"764","60498abf0459d95ae80f42ac","declarative-broad-focus",6,37.5,45.8333333333333,17
"765","60498abf0459d95ae80f42ac","declarative-narrow-focus",8,50,45.8333333333333,17
"766","60498abf0459d95ae80f42ac","interrogative-partial-wh",8,50,45.8333333333333,17
"767","60498abf0459d95ae80f42ac","interrogative-total-yn",7,43.75,45.8333333333333,17
"768","604d09c45aedf7f70c3c66bf","declarative-broad-focus",15,93.75,60,21
"769","604d09c45aedf7f70c3c66bf","declarative-narrow-focus",15,93.75,60,21
"770","604d09c45aedf7f70c3c66bf","interrogative-partial-wh",12,75,60,21
"771","604d09c45aedf7f70c3c66bf","interrogative-total-yn",13,81.25,60,21
"772","604d547ca4ba0b35e56b2594","declarative-broad-focus",16,100,46.6666666666667,39
"773","604d547ca4ba0b35e56b2594","declarative-narrow-focus",15,93.75,46.6666666666667,39
"774","604d547ca4ba0b35e56b2594","interrogative-partial-wh",11,68.75,46.6666666666667,39
"775","604d547ca4ba0b35e56b2594","interrogative-total-yn",14,87.5,46.6666666666667,39
"776","60514fe20a8ea24a26a96e85","declarative-broad-focus",16,100,52.5,43
"777","60514fe20a8ea24a26a96e85","declarative-narrow-focus",15,93.75,52.5,43
"778","60514fe20a8ea24a26a96e85","interrogative-partial-wh",6,37.5,52.5,43
"779","60514fe20a8ea24a26a96e85","interrogative-total-yn",11,68.75,52.5,43
"780","60555b56af1bc30f5d438bd2","declarative-broad-focus",16,100,51.6666666666667,33
"781","60555b56af1bc30f5d438bd2","declarative-narrow-focus",15,93.75,51.6666666666667,33
"782","60555b56af1bc30f5d438bd2","interrogative-partial-wh",12,75,51.6666666666667,33
"783","60555b56af1bc30f5d438bd2","interrogative-total-yn",9,56.25,51.6666666666667,33
"784","6055710aefbed49cbc6c872b","declarative-broad-focus",16,100,50,15
"785","6055710aefbed49cbc6c872b","declarative-narrow-focus",16,100,50,15
"786","6055710aefbed49cbc6c872b","interrogative-partial-wh",4,25,50,15
"787","6055710aefbed49cbc6c872b","interrogative-total-yn",10,62.5,50,15
"788","6057880f8633bbd79c6f10d8","declarative-broad-focus",16,100,47.5,36
"789","6057880f8633bbd79c6f10d8","declarative-narrow-focus",16,100,47.5,36
"790","6057880f8633bbd79c6f10d8","interrogative-partial-wh",14,87.5,47.5,36
"791","6057880f8633bbd79c6f10d8","interrogative-total-yn",3,18.75,47.5,36
"792","605796ef0a4b32599655c385","declarative-broad-focus",12,75,47.5,40
"793","605796ef0a4b32599655c385","declarative-narrow-focus",10,62.5,47.5,40
"794","605796ef0a4b32599655c385","interrogative-partial-wh",14,87.5,47.5,40
"795","605796ef0a4b32599655c385","interrogative-total-yn",7,43.75,47.5,40
"796","60579ed57a769950e21bcda2","declarative-broad-focus",14,87.5,55.8333333333333,48
"797","60579ed57a769950e21bcda2","declarative-narrow-focus",16,100,55.8333333333333,48
"798","60579ed57a769950e21bcda2","interrogative-partial-wh",12,75,55.8333333333333,48
"799","60579ed57a769950e21bcda2","interrogative-total-yn",11,68.75,55.8333333333333,48
"800","midd01","declarative-broad-focus",16,100,74.1666666666667,29
"801","midd01","declarative-narrow-focus",15,93.75,74.1666666666667,29
"802","midd01","interrogative-partial-wh",11,68.75,74.1666666666667,29
"803","midd01","interrogative-total-yn",15,93.75,74.1666666666667,29
"804","midd02","declarative-broad-focus",16,100,78.3333333333333,44
"805","midd02","declarative-narrow-focus",15,93.75,78.3333333333333,44
"806","midd02","interrogative-partial-wh",16,100,78.3333333333333,44
"807","midd02","interrogative-total-yn",14,87.5,78.3333333333333,44
"808","midd03","declarative-broad-focus",16,100,88.3333333333333,31
"809","midd03","declarative-narrow-focus",16,100,88.3333333333333,31
"810","midd03","interrogative-partial-wh",15,93.75,88.3333333333333,31
"811","midd03","interrogative-total-yn",12,75,88.3333333333333,31
"812","midd04","declarative-broad-focus",16,100,79.1666666666667,33
"813","midd04","declarative-narrow-focus",16,100,79.1666666666667,33
"814","midd04","interrogative-partial-wh",14,87.5,79.1666666666667,33
"815","midd04","interrogative-total-yn",13,81.25,79.1666666666667,33
"816","midd05","declarative-broad-focus",16,100,83.3333333333333,57
"817","midd05","declarative-narrow-focus",14,87.5,83.3333333333333,57
"818","midd05","interrogative-partial-wh",16,100,83.3333333333333,57
"819","midd05","interrogative-total-yn",15,93.75,83.3333333333333,57
"820","midd06","declarative-broad-focus",16,100,74.1666666666667,46
"821","midd06","declarative-narrow-focus",16,100,74.1666666666667,46
"822","midd06","interrogative-partial-wh",16,100,74.1666666666667,46
"823","midd06","interrogative-total-yn",11,68.75,74.1666666666667,46
"824","midd07","declarative-broad-focus",16,100,80,57
"825","midd07","declarative-narrow-focus",16,100,80,57
"826","midd07","interrogative-partial-wh",15,93.75,80,57
"827","midd07","interrogative-total-yn",13,81.25,80,57
"828","midd08","declarative-broad-focus",16,100,68.3333333333333,28
"829","midd08","declarative-narrow-focus",16,100,68.3333333333333,28
"830","midd08","interrogative-partial-wh",14,87.5,68.3333333333333,28
"831","midd08","interrogative-total-yn",8,50,68.3333333333333,28
"832","midd09","declarative-broad-focus",16,100,82.5,66
"833","midd09","declarative-narrow-focus",16,100,82.5,66
"834","midd09","interrogative-partial-wh",12,75,82.5,66
"835","midd09","interrogative-total-yn",13,81.25,82.5,66
"836","midd11","declarative-broad-focus",16,100,74.1666666666667,54
"837","midd11","declarative-narrow-focus",16,100,74.1666666666667,54
"838","midd11","interrogative-partial-wh",14,87.5,74.1666666666667,54
"839","midd11","interrogative-total-yn",12,75,74.1666666666667,54
"840","midd12","declarative-broad-focus",16,100,79.1666666666667,47
"841","midd12","declarative-narrow-focus",15,93.75,79.1666666666667,47
"842","midd12","interrogative-partial-wh",16,100,79.1666666666667,47
"843","midd12","interrogative-total-yn",10,62.5,79.1666666666667,47
"844","midd13","declarative-broad-focus",15,93.75,65,54
"845","midd13","declarative-narrow-focus",14,87.5,65,54
"846","midd13","interrogative-partial-wh",16,100,65,54
"847","midd13","interrogative-total-yn",12,75,65,54
"848","midd14","declarative-broad-focus",16,100,77.5,33
"849","midd14","declarative-narrow-focus",16,100,77.5,33
"850","midd14","interrogative-partial-wh",16,100,77.5,33
"851","midd14","interrogative-total-yn",13,81.25,77.5,33
"852","midd15","declarative-broad-focus",16,100,87.5,40
"853","midd15","declarative-narrow-focus",15,93.75,87.5,40
"854","midd15","interrogative-partial-wh",15,93.75,87.5,40
"855","midd15","interrogative-total-yn",15,93.75,87.5,40
"856","midd17","declarative-broad-focus",16,100,69.1666666666667,68
"857","midd17","declarative-narrow-focus",16,100,69.1666666666667,68
"858","midd17","interrogative-partial-wh",11,68.75,69.1666666666667,68
"859","midd17","interrogative-total-yn",13,81.25,69.1666666666667,68
"860","midd19","declarative-broad-focus",16,100,70.8333333333333,42
"861","midd19","declarative-narrow-focus",16,100,70.8333333333333,42
"862","midd19","interrogative-partial-wh",13,81.25,70.8333333333333,42
"863","midd19","interrogative-total-yn",14,87.5,70.8333333333333,42
"864","midd22","declarative-broad-focus",16,100,91.6666666666667,37
"865","midd22","declarative-narrow-focus",16,100,91.6666666666667,37
"866","midd22","interrogative-partial-wh",12,75,91.6666666666667,37
"867","midd22","interrogative-total-yn",13,81.25,91.6666666666667,37
"868","midd24","declarative-broad-focus",16,100,70.8333333333333,45
"869","midd24","declarative-narrow-focus",14,87.5,70.8333333333333,45
"870","midd24","interrogative-partial-wh",15,93.75,70.8333333333333,45
"871","midd24","interrogative-total-yn",13,81.25,70.8333333333333,45
"872","midd25","declarative-broad-focus",16,100,87.5,39
"873","midd25","declarative-narrow-focus",15,93.75,87.5,39
"874","midd25","interrogative-partial-wh",16,100,87.5,39
"875","midd25","interrogative-total-yn",13,81.25,87.5,39
"876","midd26","declarative-broad-focus",16,100,75,33
"877","midd26","declarative-narrow-focus",16,100,75,33
"878","midd26","interrogative-partial-wh",9,56.25,75,33
"879","midd26","interrogative-total-yn",16,100,75,33
"880","midd27","declarative-broad-focus",16,100,70,44
"881","midd27","declarative-narrow-focus",15,93.75,70,44
"882","midd27","interrogative-partial-wh",14,87.5,70,44
"883","midd27","interrogative-total-yn",15,93.75,70,44
"884","midd28","declarative-broad-focus",16,100,95.8333333333333,59
"885","midd28","declarative-narrow-focus",16,100,95.8333333333333,59
"886","midd28","interrogative-partial-wh",16,100,95.8333333333333,59
"887","midd28","interrogative-total-yn",14,87.5,95.8333333333333,59
"888","midd29","declarative-broad-focus",16,100,78.3333333333333,35
"889","midd29","declarative-narrow-focus",16,100,78.3333333333333,35
"890","midd29","interrogative-partial-wh",15,93.75,78.3333333333333,35
"891","midd29","interrogative-total-yn",13,81.25,78.3333333333333,35
"892","midd30","declarative-broad-focus",16,100,68.3333333333333,38
"893","midd30","declarative-narrow-focus",16,100,68.3333333333333,38
"894","midd30","interrogative-partial-wh",13,81.25,68.3333333333333,38
"895","midd30","interrogative-total-yn",12,75,68.3333333333333,38
"896","midd31","declarative-broad-focus",16,100,77.5,58
"897","midd31","declarative-narrow-focus",16,100,77.5,58
"898","midd31","interrogative-partial-wh",16,100,77.5,58
"899","midd31","interrogative-total-yn",16,100,77.5,58
